<?xml version="1.0" encoding="UTF-8" standalone="yes"?>
<addon id="plugin.program.android.launch.playstore"
		name="Google Play Store"
		version="1.2"
		provider-name="InvisibleQuantum">
  <requires>
    <import addon="xbmc.python" version="2.1.0"/>
  </requires>
	<extension point="xbmc.python.script" library="addon.py"></extension>
	<extension point="xbmc.addon.metadata">
		<summary lang="de_DE">Google Play Store</summary>
		<summary lang="en_GB">Google Play Store</summary>
		<summary lang="en_US">Google Play Store</summary>
		<description lang="de_DE">Startet den Google Play Store unter Android</description>
		<description lang="en_GB">Launch the Google Play Store on Android</description>
		<description lang="en_US">Launch the Google Play Store on Android</description>
		<disclaimer lang="de_DE">Fehler oder andere Anfragen hier melden: https://github.com/InvisibleQuantum/repository.quantumrepo.android/issues/</disclaimer>
		<disclaimer lang="en_GB">Report bugs or other requests here: https://github.com/InvisibleQuantum/repository.quantumrepo.android/issues/</disclaimer>
		<disclaimer lang="en_US">Report bugs or other requests here: https://github.com/InvisibleQuantum/repository.quantumrepo.android/issues/</disclaimer>
		<platform>android</platform>
		<assets>
			<icon>resources/icon.png</icon>
			<fanart>resources/fanart.png</fanart>
			<screenshot>resources/fanart.png</screenshot>
			<screenshot>resources/fanart.png</screenshot>
			<screenshot>resources/fanart.png</screenshot>
		</assets>
	</extension>
</addon>